#SEASON
INSERT INTO seasons (season, champion, golden_boot, games, gpg, att) VALUES
(2014, NULL, NULL, 180, '2.83', 18874),
(2013, 'New York Red Bulls', 'Camilo Sanvezzo', 323, '2.62', 18606),
(2012, 'San Jose Earthquakes', 'Chris Wondolowski', 323, '2.64', 18804),
(2011, 'LA Galaxy', 'Chris Wondolowski', 307, '2.58', 17861),
(2010, 'LA Galaxy', 'Chris Wondolowski', 240, '2.46', 16675),
(2009, 'Columbus Crew', 'Jeff Cunningham', 225, '2.54', 16037),
(2008, 'Columbus Crew', 'Landon Donovan', 210, '2.81', 16460),
(2007, 'D.C. United', 'Luciano Emílio', 195, '2.66', 16766),
(2006, 'D.C. United', 'Jeff Cunningham', 192, '2.62', 15502),
(2005, 'San Jose Earthquakes', 'Taylor Twellman', 192, '2.85', 15107),
(2004, 'Columbus Crew', 'Brian Ching', 150, '2.61', 15549),
(2003, 'Chicago Fire', 'Carlos Ruíz', 150, '2.94', 14898),
(2002, 'LA Galaxy', 'Carlos Ruíz', 140, '3.01', 15820),
(2001, 'Miami Fusion', 'Alex Pineda Chacón', 158, '3.28', 14961),
(2000, 'Sporting Kansas City', 'Mamadou Diallo', 192, '3.19', 13755),
(1999, 'D.C. United', 'Jason Kreis', 192, '2.86', 14281),
(1998, 'LA Galaxy', 'Stern John', 192, '3.57', 14311),
(1997, 'D.C. United', 'Jaime Moreno', 160, '3.26', 14605),
(1996, 'Tampa Bay Mutiny', 'Roy Lassiter', 160, '3.37', 17406);


#STATS
INSERT INTO stats (player, league, games_played, games_started, `min`, goals, assists, shots) VALUES
('Kevin Hartman', 'MLS', 416, 411, 37260, 0, 3, 0),
('Steve Ralston', 'MLS', 378, 372, 33142, 76, 135, 412),
('Jeff Cunningham', 'MLS', 365, 233, 22751, 134, 70, 772),
('Nick Rimando', 'MLS', 346, 346, 31293, 0, 7, 0),
('Joe Cannon', 'MLS', 342, 341, 30731, 0, 4, 1),
('Jaime Moreno', 'MLS', 340, 295, 25792, 133, 102, 684),
('Tyrone Marshall', 'MLS', 337, 297, 26651, 18, 21, 174),
('Pablo Mastroeni', 'MLS', 334, 316, 27520, 7, 27, 117),
('Chris Klein', 'MLS', 333, 290, 26249, 49, 69, 458),
('Andy Williams', 'MLS', 332, 231, 21694, 30, 86, 497),
('Kyle Beckerman', 'MLS', 325, 296, 26553, 32, 43, 419),
('Dwayne De Rosario', 'MLS', 324, 270, 24683, 103, 77, 832),
('Brian Mullan', 'MLS', 323, 291, 25528, 29, 58, 292),
('Jesse Marsch', 'MLS', 321, 286, 25642, 31, 40, 211),
('Chris Henderson', 'MLS', 317, 304, 26240, 51, 80, 538),
('Carey Talley', 'MLS', 315, 262, 23729, 20, 28, 196),
('Jay Heaps', 'MLS', 314, 299, 27363, 17, 34, 238),
('Brad Davis', 'MLS', 313, 271, 23606, 47, 101, 473),
('Ramiro Corrales', 'MLS', 307, 277, 24607, 16, 37, 298),
('Mike Petke', 'MLS', 307, 292, 25785, 13, 4, 123),
('Cobi Jones', 'MLS', 306, 281, 25145, 70, 91, 458),
('Jason Kreis', 'MLS', 305, 282, 25242, 108, 74, 818),
('Landon Donovan', 'MLS', 303, 283, 25945, 134, 117, 639),
('Brian Carroll', 'MLS', 301, 284, 25395, 8, 16, 124),
('Davy Arnaud', 'MLS', 297, 265, 23921, 48, 43, 505);

#STANDINGS
INSERT INTO standings (team, games_played, wins, Shoot_out_wins, ties, shoot_out_losses, losses, points, goals_for, goals_against, `points per game`, `gf/ga`) VALUES
('LA Galaxy', 560, 253, 11, 108, 14, 174, 874, 882, 709, 1.56, 1.24),
('Columbus Crew', 560, 220, 13, 117, 18, 192, 778, 804, 775, 1.39, 1.04),
('Sporting Kansas City', 561, 216, 16, 124, 14, 194, 771, 784, 765, 1.37, 1.02),
('D.C. United', 560, 214, 18, 127, 13, 188, 728, 862, 836, 1.30, 1.03),
('FC Dallas', 560, 212, 15, 123, 13, 194, 758, 823, 830, 1.35, 0.99),
('Chicago Fire', 497, 211, 5, 115, 6, 160, 749, 744, 657, 1.51, 1.13),
('New York Red Bulls', 560, 208, 11, 124, 9, 208, 743, 817, 834, 1.33, 0.98),
('Colorado Rapids', 560, 204, 12, 125, 12, 207, 733, 761, 820, 1.31, 0.93),
('New England Revolution', 561, 191, 17, 126, 17, 210, 701, 778, 853, 1.25, 0.91),
('San Jose Earthquakes', 498, 184, 19, 114, 20, 161, 675, 716, 684, 1.36, 1.05),
('Real Salt Lake', 286, 105, NULL, 73, NULL, 108, 388, 381, 365, 1.36, 1.04),
('Houston Dynamo', 254, 101, NULL, 80, NULL, 73, 383, 345, 296, 1.51, 1.17),
('Chivas USA', 286, 83, NULL, 73, NULL, 130, 322, 322, 422, 1.13, 0.76),
('Seattle Sounders', 162, 74, NULL, 44, NULL, 44, 266, 226, 176, 1.64, 1.28),
('Tampa Bay Mutiny', 187, 73, 10, 33, 17, 54, 235, 312, 336, 1.26, 0.93),
('Toronto FC', 222, 51, NULL, 66, NULL, 105, 219, 231, 347, 0.99, 0.67),
('Miami Fusion', 122, 46, 10, 20, 4, 42, 158, 199, 219, 1.30, 0.91),
('Philadelphia Union', 132, 41, NULL, 38, NULL, 53, 161, 158, 174, 1.22, 0.91),
('Portland Timbers', 102, 33, NULL, 34, NULL, 35, 133, 128, 137, 1.30, 0.93),
('Vancouver Whitecaps', 102, 30, NULL, 29, NULL, 43, 119, 123, 141, 1.17, 0.87),
('Montreal Impact', 68, 26, NULL, 13, NULL, 29, 91, 95, 100, 1.34, 0.95);

#GAMES
INSERT INTO games (`date`, `year`, team, versus, opposing_team, stadium) VALUES
('2014-10-26', 2014, 'New York Red Bulls', 'v', 'Sporting Kansas City', 'Sporting Kansas City Park'),
('2014-10-26', 2014, 'Columbus Crew', 'v', 'Philadelphia Union', 'Crew Stadium'),
('2014-10-26', 2014, 'Chivas USA', 'v', 'San Jose Earthquakes', 'StubHub Center'),
('2014-10-25', 2014, 'New England Revolution', 'v', 'Toronto FC', 'Gillette Stadium'),
('2014-10-25', 2014, 'Colorado Rapids', 'v', 'Vancouver Whitecaps', 'BC Place'),
('2014-10-25', 2014, 'D.C. United', 'v', 'Montreal Impact', 'Saputo Stadium'),
('2014-10-25', 2014, 'FC Dallas', 'v', 'Portland Timbers', 'Toyota Stadium'),
('2014-10-25', 2014, 'LA Galaxy', 'v', 'Seattle Sounders', 'CenturyLink Field'),
('2014-10-24', 2014, 'Chicago Fire', 'v', 'Houston Dynamo', 'Toyota Park'),
('2014-10-22', 2014, 'Chivas USA', 'v', 'Real Salt Lake', 'Rio Tinto Stadium'),
('2014-10-19', 2014, 'LA Galaxy', 'v', 'Seattle Sounders', 'StubHub Center'),
('2014-10-19', 2014, 'Columbus Crew', 'v', 'New York Red Bulls', 'Red Bull Arena'),
('2014-10-18', 2014, 'San Jose Earthquakes', 'v', 'Vancouver Whitecaps', 'Buck Shaw Stadium'),
('2014-10-18', 2014, 'Philadelphia Union', 'v', 'Sporting Kansas City', 'PPL Park'),
('2014-10-18', 2014, 'Montreal Impact', 'v', 'Toronto FC', 'BMO Field'),
('2014-10-18', 2014, 'Chicago Fire', 'v', 'D.C. United', 'RFK Stadium'),
('2014-10-18', 2014, 'Colorado Rapids', 'v', 'FC Dallas', 'DSG Park'),
('2014-10-17', 2014, 'Portland Timbers', 'v', 'Real Salt Lake', 'Providence Park'),
('2014-10-16', 2014, 'Houston Dynamo', 'v', 'New England Revolution', 'BBVA Compass Stadium'),
('2014-10-12', 2014, 'D.C. United', 'v', 'Houston Dynamo', 'BBVA Compass Stadium'),
('2014-10-12', 2014, 'FC Dallas', 'v', 'LA Galaxy', 'Toyota Stadium'),
('2014-10-11', 2014, 'Chivas USA', 'v', 'Colorado Rapids', 'StubHub Center'),
('2014-10-11', 2014, 'Montreal Impact', 'v', 'New England Revolution', 'Saputo Stadium'),
('2014-10-11', 2014, 'New York Red Bulls', 'v', 'Toronto FC', 'Red Bull Arena'),
('2014-10-11', 2014, 'Real Salt Lake', 'v', 'San Jose Earthquakes', 'Rio Tinto Stadium');

