USE soccer;
#SEASON
INSERT INTO seasons (season, champion, golden_boot, games, gpg, att) VALUES
(2014, NULL, NULL, 180, '2.83', 18874),
(2013, 'New York Red Bulls', 'Camilo Sanvezzo', 323, '2.62', 18606),
(2012, 'San Jose Earthquakes', 'Chris Wondolowski', 323, '2.64', 18804),
(2011, 'LA Galaxy', 'Chris Wondolowski', 307, '2.58', 17861),
(2010, 'LA Galaxy', 'Chris Wondolowski', 240, '2.46', 16675),
(2009, 'Columbus Crew', 'Jeff Cunningham', 225, '2.54', 16037),
(2008, 'Columbus Crew', 'Landon Donovan', 210, '2.81', 16460),
(2007, 'D.C. United', 'Luciano Emílio', 195, '2.66', 16766),
(2006, 'D.C. United', 'Jeff Cunningham', 192, '2.62', 15502),
(2005, 'San Jose Earthquakes', 'Taylor Twellman', 192, '2.85', 15107),
(2004, 'Columbus Crew', 'Brian Ching', 150, '2.61', 15549),
(2003, 'Chicago Fire', 'Carlos Ruíz', 150, '2.94', 14898),
(2002, 'LA Galaxy', 'Carlos Ruíz', 140, '3.01', 15820),
(2001, 'Miami Fusion', 'Alex Pineda Chacón', 158, '3.28', 14961),
(2000, 'Sporting Kansas City', 'Mamadou Diallo', 192, '3.19', 13755),
(1999, 'D.C. United', 'Jason Kreis', 192, '2.86', 14281),
(1998, 'LA Galaxy', 'Stern John', 192, '3.57', 14311),
(1997, 'D.C. United', 'Jaime Moreno', 160, '3.26', 14605),
(1996, 'Tampa Bay Mutiny', 'Roy Lassiter', 160, '3.37', 17406);


#STATS
TRUNCATE TABLE stats;
/* INSERT INTO stats (player, team, games_played, games_started, `min`, goals, assists, shots) VALUES
('Kevin Hartman', 'MLS', 416, 411, 37260, 0, 3, 0),
('Steve Ralston', 'MLS', 378, 372, 33142, 76, 135, 412),
('Jeff Cunningham', 'MLS', 365, 233, 22751, 134, 70, 772),
('Nick Rimando', 'MLS', 346, 346, 31293, 0, 7, 0),
('Joe Cannon', 'MLS', 342, 341, 30731, 0, 4, 1),
('Jaime Moreno', 'MLS', 340, 295, 25792, 133, 102, 684),
('Tyrone Marshall', 'MLS', 337, 297, 26651, 18, 21, 174),
('Pablo Mastroeni', 'MLS', 334, 316, 27520, 7, 27, 117),
('Chris Klein', 'MLS', 333, 290, 26249, 49, 69, 458),
('Andy Williams', 'MLS', 332, 231, 21694, 30, 86, 497),
('Kyle Beckerman', 'MLS', 325, 296, 26553, 32, 43, 419),
('Dwayne De Rosario', 'MLS', 324, 270, 24683, 103, 77, 832),
('Brian Mullan', 'MLS', 323, 291, 25528, 29, 58, 292),
('Jesse Marsch', 'MLS', 321, 286, 25642, 31, 40, 211),
('Chris Henderson', 'MLS', 317, 304, 26240, 51, 80, 538),
('Carey Talley', 'MLS', 315, 262, 23729, 20, 28, 196),
('Jay Heaps', 'MLS', 314, 299, 27363, 17, 34, 238),
('Brad Davis', 'MLS', 313, 271, 23606, 47, 101, 473),
('Ramiro Corrales', 'MLS', 307, 277, 24607, 16, 37, 298),
('Mike Petke', 'MLS', 307, 292, 25785, 13, 4, 123),
('Cobi Jones', 'MLS', 306, 281, 25145, 70, 91, 458),
('Jason Kreis', 'MLS', 305, 282, 25242, 108, 74, 818),
('Landon Donovan', 'MLS', 303, 283, 25945, 134, 117, 639),
('Brian Carroll', 'MLS', 301, 284, 25395, 8, 16, 124),
('Davy Arnaud', 'MLS', 297, 265, 23921, 48, 43, 505); 
INSERT INTO stats (player, team, games_played, games_started, `min`, goals, assists, shots) VALUES
('Amobi Okugo', 'MLS', 32, 32, 2879, 3, 3, 25),
('Austin Berry', 'MLS', 34, 34, 3060, 1, 2, 14),
('Brian Carroll', 'MLS', 33, 33, 2969, 2, 1, 16),
('Clint Irwin', 'MLS', 32, 31, 2873, 0, 0, 0),
('Darlington Nagbe', 'MLS', 34, 34, 2848, 9, 4, 62),
('Dominic Oduro', 'MLS', 34, 34, 2854, 13, 4, 92),
('Donovan Ricketts', 'MLS', 32, 32, 2880, 0, 0, 0),
('Gonzalo Segares', 'MLS', 32, 32, 2855, 0, 1, 12),
('Hassoun Camara', 'MLS', 32, 32, 2874, 3, 3, 20),
('Jalil Anibaba', 'MLS', 34, 34, 3060, 1, 3, 16),
('Jimmy Nielsen', 'MLS', 34, 34, 3060, 0, 0, 0),
('Joe Bendik', 'MLS', 33, 33, 2970, 0, 0, 0),
('Jon Busch', 'MLS', 33, 33, 2970, 0, 0, 0),
('José Gonçalves', 'MLS', 34, 34, 3060, 2, 0, 9),
('Kofi Sarkodie', 'MLS', 33, 33, 2948, 0, 4, 12),
('Lee Nguyen', 'MLS', 33, 32, 2838, 4, 7, 56),
('Luis Robles', 'MLS', 34, 34, 3060, 0, 1, 0),
('Marcelo Sarvas', 'MLS', 33, 33, 2897, 4, 6, 53),
('Markus Holgersson', 'MLS', 32, 32, 2866, 0, 1, 8),
('Michael Harrington', 'MLS', 33, 33, 2951, 0, 1, 3),
('Sam Cronin', 'MLS', 34, 34, 2971, 2, 4, 28),
('Sheanon Williams', 'MLS', 32, 32, 2867, 2, 8, 14),
('Tally Hall', 'MLS', 34, 34, 3060, 0, 0, 0),
('Troy Perkins', 'MLS', 33, 33, 2970, 0, 0, 0),
('Zac MacMath', 'MLS', 34, 34, 3060, 0, 0, 0);
INSERT INTO stats (player, team, games_played, games_started, `min`, goals, assists, shots) VALUES
('Drew Moor', 'MLS', 34, 34, 3060, 3, 2, 17),
('Jimmy Nielsen', 'MLS', 34, 34, 3060, 0, 0, 0),
('Eddie Gaven', 'MLS', 34, 34, 2990, 9, 2, 55),
('Lee Young-Pyo', 'MLS', 33, 33, 2970, 1, 4, 7),
('Justin Morrow', 'MLS', 33, 33, 2970, 1, 4, 6),
('Brandon McDonald', 'MLS', 33, 33, 2963, 2, 4, 18),
('Steven Beitashour', 'MLS', 33, 33, 2955, 0, 6, 11),
('Tally Hall', 'MLS', 33, 33, 2946, 0, 0, 0),
('Sean Franklin', 'MLS', 34, 33, 2937, 0, 5, 17),
('Bobby Boswell', 'MLS', 33, 33, 2930, 2, 1, 20),
('Carlos Valdés', 'MLS', 33, 33, 2923, 2, 0, 24),
('Andy Gruenebaum', 'MLS', 33, 33, 2920, 0, 1, 0),
('Dax McCarty', 'MLS', 33, 33, 2918, 3, 3, 40),
('Brian Carroll', 'MLS', 33, 32, 2898, 1, 1, 20),
('Sebastián Miranda', 'MLS', 33, 33, 2882, 1, 1, 6),
('Dan Kennedy', 'MLS', 32, 32, 2880, 0, 0, 0),
('Zac MacMath', 'MLS', 32, 32, 2880, 0, 0, 0),
('James Riley', 'MLS', 32, 32, 2880, 0, 2, 10),
('Kei Kamara', 'MLS', 33, 32, 2871, 11, 8, 134),
('Matt Pickens', 'MLS', 32, 32, 2859, 0, 0, 0),
('Tony Beltran', 'MLS', 32, 32, 2857, 0, 2, 12),
('Jon Busch', 'MLS', 32, 32, 2835, 0, 0, 0),
('Chris Wondolowski', 'MLS', 32, 31, 2813, 27, 7, 127),
('Perry Kitchen', 'MLS', 32, 32, 2804, 0, 1, 12),
('Michael Farfan', 'MLS', 32, 31, 2802, 1, 5, 54);
INSERT INTO stats (player, team, games_played, games_started, `min`, goals, assists, shots) VALUES
('Tally Hall', 'MLS', 34, 34, 3060, 0, 1, 0),
('Sébastien Le Toux', 'MLS', 34, 34, 3060, 11, 9, 81),
('Matt Pickens', 'MLS', 34, 34, 3060, 0, 0, 0),
('Kasey Keller', 'MLS', 34, 34, 3060, 0, 0, 0),
('Jeff Larentowicz', 'MLS', 34, 34, 3051, 7, 1, 37),
('Joel Lindpere', 'MLS', 34, 34, 3048, 7, 7, 54),
('Sebastián Miranda', 'MLS', 34, 34, 3044, 0, 3, 8),
('Kosuke Kimura', 'MLS', 34, 34, 2996, 1, 1, 13),
('Nick Rimando', 'MLS', 33, 33, 2970, 0, 0, 0),
('Geoff Cameron', 'MLS', 33, 33, 2970, 5, 5, 63),
('Dan Califf', 'MLS', 33, 33, 2970, 1, 0, 9),
('Jon Busch', 'MLS', 33, 33, 2970, 0, 0, 0),
('Kevin Hartman', 'MLS', 33, 33, 2970, 0, 1, 0),
('Kevin Alston', 'MLS', 33, 33, 2954, 0, 1, 14),
('Gonzalo Segares', 'MLS', 33, 33, 2950, 3, 5, 17),
('Brad Davis', 'MLS', 34, 34, 2892, 4, 16, 49),
('Osvaldo Alonso', 'MLS', 33, 32, 2891, 3, 3, 54),
('Carlos Valdés', 'MLS', 32, 32, 2880, 1, 1, 22),
('Matt Besler', 'MLS', 32, 32, 2880, 2, 2, 10),
('Drew Moor', 'MLS', 32, 32, 2880, 4, 1, 28),
('Will Hesmer', 'MLS', 32, 32, 2880, 0, 0, 0),
('Dan Kennedy', 'MLS', 32, 32, 2880, 0, 0, 0),
('Todd Dunivant', 'MLS', 32, 32, 2880, 0, 4, 12),
('Shalrie Joseph', 'MLS', 32, 32, 2860, 8, 1, 52),
('Chad Marshall', 'MLS', 32, 32, 2835, 0, 1, 15); */

INSERT INTO stats (player, team, games_played, games_started, min, goals, assists, shots) VALUES
('Jalil Anibaba', 'Chicago Fire', 34, 34, 3060, 1, 3, 16),
('Zac MacMath', 'Philadelphia Union', 34, 34, 3060, 0, 0, 0),
('Luis Robles', 'New York Red Bulls', 34, 34, 3060, 0, 1, 0),
('José Gonçalves', 'New England Revolution', 34, 34, 3060, 2, 0, 9),
('Tally Hall', 'Houston Dynamo', 34, 34, 3060, 0, 0, 0),
('Austin Berry', 'Chicago Fire', 34, 34, 3060, 1, 2, 14),
('Jimmy Nielsen', 'Sporting Kansas City', 34, 34, 3060, 0, 0, 0),
('Sam Cronin', 'San Jose Earthquakes', 34, 34, 2971, 2, 4, 28),
('Jon Busch', 'San Jose Earthquakes', 33, 33, 2970, 0, 0, 0),
('Troy Perkins', 'Montreal Impact', 33, 33, 2970, 0, 0, 0),
('Joe Bendik', 'Toronto FC', 33, 33, 2970, 0, 0, 0),
('Brian Carroll', 'Philadelphia Union', 33, 33, 2969, 2, 1, 16),
('Michael Harrington', 'Portland Timbers', 33, 33, 2951, 0, 1, 3),
('Kofi Sarkodie', 'Houston Dynamo', 33, 33, 2948, 0, 4, 12),
('Marcelo Sarvas', 'LA Galaxy', 33, 33, 2897, 4, 6, 53),
('Donovan Ricketts', 'Portland Timbers', 32, 32, 2880, 0, 0, 0),
('Amobi Okugo', 'Philadelphia Union', 32, 32, 2879, 3, 3, 25),
('Hassoun Camara', 'Montreal Impact', 32, 32, 2874, 3, 3, 20),
('Clint Irwin', 'Colorado Rapids', 32, 31, 2873, 0, 0, 0),
('Sheanon Williams', 'Philadelphia Union', 32, 32, 2867, 2, 8, 14),
('Markus Holgersson', 'New York Red Bulls', 32, 32, 2866, 0, 1, 8),
('Gonzalo Segares', 'Chicago Fire', 32, 32, 2855, 0, 1, 12),
('Dominic Oduro', 'Columbus Crew', 34, 34, 2854, 13, 4, 92),
('Darlington Nagbe', 'Portland Timbers', 34, 34, 2848, 9, 4, 62),
('Lee Nguyen', 'New England Revolution', 33, 32, 2838, 4, 7, 56);
INSERT INTO stats (player, team, games_played, games_started, min, goals, assists, shots) VALUES
('Drew Moor', 'Colorado Rapids', 34, 34, 3060, 3, 2, 17),
('Jimmy Nielsen', 'Sporting Kansas City', 34, 34, 3060, 0, 0, 0),
('Eddie Gaven', 'Columbus Crew', 34, 34, 2990, 9, 2, 55),
('Lee Young-Pyo', 'Vancouver Whitecaps', 33, 33, 2970, 1, 4, 7),
('Justin Morrow', 'San Jose Earthquakes', 33, 33, 2970, 1, 4, 6),
('Brandon McDonald', 'D.C. United', 33, 33, 2963, 2, 4, 18),
('Steven Beitashour', 'San Jose Earthquakes', 33, 33, 2955, 0, 6, 11),
('Tally Hall', 'Houston Dynamo', 33, 33, 2946, 0, 0, 0),
('Sean Franklin', 'LA Galaxy', 34, 33, 2937, 0, 5, 17),
('Bobby Boswell', 'Houston Dynamo', 33, 33, 2930, 2, 1, 20),
('Carlos Valdés', 'Philadelphia Union', 33, 33, 2923, 2, 0, 24),
('Andy Gruenebaum', 'Columbus Crew', 33, 33, 2920, 0, 1, 0),
('Dax McCarty', 'New York Red Bulls', 33, 33, 2918, 3, 3, 40),
('Brian Carroll', 'Philadelphia Union', 33, 32, 2898, 1, 1, 20),
('Sebastián Miranda', 'Columbus Crew', 33, 33, 2882, 1, 1, 6),
('Dan Kennedy', 'Chivas USA', 32, 32, 2880, 0, 0, 0),
('Zac MacMath', 'Philadelphia Union', 32, 32, 2880, 0, 0, 0),
('James Riley', 'Chivas USA', 32, 32, 2880, 0, 2, 10),
('Kei Kamara', 'Sporting Kansas City', 33, 32, 2871, 11, 8, 134),
('Matt Pickens', 'Colorado Rapids', 32, 32, 2859, 0, 0, 0),
('Tony Beltran', 'Real Salt Lake', 32, 32, 2857, 0, 2, 12),
('Jon Busch', 'San Jose Earthquakes', 32, 32, 2835, 0, 0, 0),
('Chris Wondolowski', 'San Jose Earthquakes', 32, 31, 2813, 27, 7, 127),
('Perry Kitchen', 'D.C. United', 32, 32, 2804, 0, 1, 12),
('Michael Farfan', 'Philadelphia Union', 32, 31, 2802, 1, 5, 54);
INSERT INTO stats (player, team, games_played, games_started, min, goals, assists, shots) VALUES
('Tally Hall', 'Houston Dynamo', 34, 34, 3060, 0, 1, 0),
('Sébastien Le Toux', 'Philadelphia Union', 34, 34, 3060, 11, 9, 81),
('Matt Pickens', 'Colorado Rapids', 34, 34, 3060, 0, 0, 0),
('Kasey Keller', 'Seattle Sounders', 34, 34, 3060, 0, 0, 0),
('Jeff Larentowicz', 'Colorado Rapids', 34, 34, 3051, 7, 1, 37),
('Joel Lindpere', 'New York Red Bulls', 34, 34, 3048, 7, 7, 54),
('Sebastián Miranda', 'Columbus Crew', 34, 34, 3044, 0, 3, 8),
('Kosuke Kimura', 'Colorado Rapids', 34, 34, 2996, 1, 1, 13),
('Nick Rimando', 'Real Salt Lake', 33, 33, 2970, 0, 0, 0),
('Geoff Cameron', 'Houston Dynamo', 33, 33, 2970, 5, 5, 63),
('Dan Califf', 'Philadelphia Union', 33, 33, 2970, 1, 0, 9),
('Jon Busch', 'San Jose Earthquakes', 33, 33, 2970, 0, 0, 0),
('Kevin Hartman', 'FC Dallas', 33, 33, 2970, 0, 1, 0),
('Kevin Alston', 'New England Revolution', 33, 33, 2954, 0, 1, 14),
('Gonzalo Segares', 'Chicago Fire', 33, 33, 2950, 3, 5, 17),
('Brad Davis', 'Houston Dynamo', 34, 34, 2892, 4, 16, 49),
('Osvaldo Alonso', 'Seattle Sounders', 33, 32, 2891, 3, 3, 54),
('Carlos Valdés', 'Philadelphia Union', 32, 32, 2880, 1, 1, 22),
('Matt Besler', 'Sporting Kansas City', 32, 32, 2880, 2, 2, 10),
('Drew Moor', 'Colorado Rapids', 32, 32, 2880, 4, 1, 28),
('Will Hesmer', 'Columbus Crew', 32, 32, 2880, 0, 0, 0),
('Dan Kennedy', 'Chivas USA', 32, 32, 2880, 0, 0, 0),
('Todd Dunivant', 'LA Galaxy', 32, 32, 2880, 0, 4, 12),
('Shalrie Joseph', 'New England Revolution', 32, 32, 2860, 8, 1, 52),
('Chad Marshall', 'Columbus Crew', 32, 32, 2835, 0, 1, 15);
INSERT INTO stats (player, team, games_played, games_started, min, goals, assists, shots) VALUES
('Will Hesmer', 'Columbus Crew', 30, 30, 2700, 1, 0, 1),
('Tim Ream', 'New York Red Bulls', 30, 30, 2700, 1, 0, 7),
('Drew Moor', 'Colorado Rapids', 30, 30, 2700, 1, 0, 14),
('David Ferreira', 'FC Dallas', 30, 30, 2699, 8, 13, 54),
('Nat Borchers', 'Real Salt Lake', 30, 30, 2673, 2, 0, 10),
('Kasey Keller', 'Seattle Sounders', 30, 30, 2655, 0, 1, 0),
('Jordan Harvey', 'Philadelphia Union', 30, 29, 2620, 1, 1, 9),
('Jeff Larentowicz', 'Colorado Rapids', 30, 29, 2617, 4, 1, 41),
('Jimmy Nielsen', 'Sporting Kansas City', 29, 29, 2610, 0, 0, 0),
('Donovan Ricketts', 'LA Galaxy', 29, 29, 2610, 0, 0, 0),
('Matt Pickens', 'Colorado Rapids', 29, 29, 2610, 0, 0, 1),
('Juan Pablo Ángel', 'New York Red Bulls', 30, 29, 2593, 13, 4, 98),
('Joel Lindpere', 'New York Red Bulls', 29, 29, 2567, 3, 6, 32),
('Michael Orozco Fiscal', 'Philadelphia Union', 29, 29, 2562, 2, 0, 14),
('Michael Harrington', 'Sporting Kansas City', 29, 29, 2560, 0, 4, 3),
('Guillermo Barros Schelotto', 'Columbus Crew', 29, 29, 2545, 9, 8, 62),
('Sébastien Le Toux', 'Philadelphia Union', 28, 28, 2520, 14, 11, 90),
('Omar Gonzalez', 'LA Galaxy', 28, 28, 2520, 2, 0, 13),
('Stefan Frei', 'Toronto FC', 28, 28, 2520, 0, 0, 0),
('Mariano Trujillo', 'Chivas USA', 28, 28, 2517, 0, 3, 5),
('Pablo Mastroeni', 'Colorado Rapids', 29, 29, 2493, 2, 3, 16),
('Michael Umaña', 'Chivas USA', 28, 28, 2483, 0, 0, 2),
('Atiba Harris', 'FC Dallas', 29, 28, 2473, 4, 2, 53),
('Bobby Convey', 'San Jose Earthquakes', 28, 28, 2472, 1, 10, 18),
('Omar Cummings', 'Colorado Rapids', 29, 28, 2471, 14, 3, 76);


#STANDINGS
INSERT INTO standings (team, games_played, wins, Shoot_out_wins, ties, shoot_out_losses, losses, points, goals_for, goals_against, `points per game`, `gf/ga`) VALUES
('LA Galaxy', 560, 253, 11, 108, 14, 174, 874, 882, 709, 1.56, 1.24),
('Columbus Crew', 560, 220, 13, 117, 18, 192, 778, 804, 775, 1.39, 1.04),
('Sporting Kansas City', 561, 216, 16, 124, 14, 194, 771, 784, 765, 1.37, 1.02),
('D.C. United', 560, 214, 18, 127, 13, 188, 728, 862, 836, 1.30, 1.03),
('FC Dallas', 560, 212, 15, 123, 13, 194, 758, 823, 830, 1.35, 0.99),
('Chicago Fire', 497, 211, 5, 115, 6, 160, 749, 744, 657, 1.51, 1.13),
('New York Red Bulls', 560, 208, 11, 124, 9, 208, 743, 817, 834, 1.33, 0.98),
('Colorado Rapids', 560, 204, 12, 125, 12, 207, 733, 761, 820, 1.31, 0.93),
('New England Revolution', 561, 191, 17, 126, 17, 210, 701, 778, 853, 1.25, 0.91),
('San Jose Earthquakes', 498, 184, 19, 114, 20, 161, 675, 716, 684, 1.36, 1.05),
('Real Salt Lake', 286, 105, NULL, 73, NULL, 108, 388, 381, 365, 1.36, 1.04),
('Houston Dynamo', 254, 101, NULL, 80, NULL, 73, 383, 345, 296, 1.51, 1.17),
('Chivas USA', 286, 83, NULL, 73, NULL, 130, 322, 322, 422, 1.13, 0.76),
('Seattle Sounders', 162, 74, NULL, 44, NULL, 44, 266, 226, 176, 1.64, 1.28),
('Tampa Bay Mutiny', 187, 73, 10, 33, 17, 54, 235, 312, 336, 1.26, 0.93),
('Toronto FC', 222, 51, NULL, 66, NULL, 105, 219, 231, 347, 0.99, 0.67),
('Miami Fusion', 122, 46, 10, 20, 4, 42, 158, 199, 219, 1.30, 0.91),
('Philadelphia Union', 132, 41, NULL, 38, NULL, 53, 161, 158, 174, 1.22, 0.91),
('Portland Timbers', 102, 33, NULL, 34, NULL, 35, 133, 128, 137, 1.30, 0.93),
('Vancouver Whitecaps', 102, 30, NULL, 29, NULL, 43, 119, 123, 141, 1.17, 0.87),
('Montreal Impact', 68, 26, NULL, 13, NULL, 29, 91, 95, 100, 1.34, 0.95);

#GAMES
INSERT INTO games (date, year, team, score, opposing_team, stadium, attendance, yellowcards) VALUES
('2014-03-08', 2014, 'Columbus Crew', '3 - 0', 'D.C. United', 'RFK Stadium', 13840, 1),
('2014-03-08', 2014, 'Seattle Sounders', '1 - 0', 'Sporting Kansas City', 'CenturyLink Field', 39240, 1),
('2014-03-08', 2014, 'New York Red Bulls', '1 - 4', 'Vancouver Whitecaps', 'BC Place', 21000, 0),
('2014-03-08', 2014, 'FC Dallas', '3 - 2', 'Montreal Impact', 'Toyota Stadium', 22320, 1),
('2014-03-08', 2014, 'Houston Dynamo', '4 - 0', 'New England Revolution', 'BBVA Compass Stadium', 18011, 1),
('2014-03-08', 2014, 'Philadelphia Union', '1 - 1', 'Portland Timbers', 'Providence Park', 20674, 1),
('2014-03-08', 2014, 'LA Galaxy', '0 - 1', 'Real Salt Lake', 'StubHub Center', 25634, 1),
('2014-03-09', 2014, 'Chicago Fire', '2 - 3', 'Chivas USA', 'StubHub Center', 8320, 1),
('2014-03-15', 2014, 'New England Revolution', '0 - 1', 'Philadelphia Union', 'PPL Park', 18651, 1),
('2014-03-15', 2014, 'Colorado Rapids', '1 - 1', 'New York Red Bulls', 'Red Bull Arena', 20542, 1),
('2014-03-15', 2014, 'Seattle Sounders', '1 - 2', 'Toronto FC', 'CenturyLink Field', 38441, 1),
('2014-03-15', 2014, 'FC Dallas', '1 - 1', 'Sporting Kansas City', 'Sporting Kansas City Park', 19431, 1),
('2014-03-15', 2014, 'Houston Dynamo', '1 - 0', 'Montreal Impact', 'BBVA Compass Stadium', 18245, 1),
('2014-03-15', 2014, 'Real Salt Lake', '3 - 3', 'San Jose Earthquakes', 'Buck Shaw Stadium', 10525, 1),
('2014-03-16', 2014, 'Chicago Fire', '1 - 1', 'Portland Timbers', 'Providence Park', 20814, 1),
('2014-03-16', 2014, 'Chivas USA', '1 - 1', 'Vancouver Whitecaps', 'StubHub Center', 6684, 1),
('2014-03-22', 2014, 'New England Revolution', '0 - 0', 'Vancouver Whitecaps', 'Gillette Stadium', 13103, 1),
('2014-03-22', 2014, 'Montreal Impact', 'np', 'Seattle Sounders', 'Olympic Stadium (Montreal)', NULL, 0),
('2014-03-22', 2014, 'LA Galaxy', '1 - 1', 'Real Salt Lake', 'Rio Tinto Stadium', 20466, 1),
('2014-03-22', 2014, 'D.C. United', '0 - 1', 'Toronto FC', 'BMO Field', 22591, 1),
('2014-03-22', 2014, 'Columbus Crew', '2 - 1', 'Philadelphia Union', 'Crew Stadium', 17517, 1),
('2014-03-22', 2014, 'Colorado Rapids', '2 - 0', 'Portland Timbers', 'DSG Park', 15135, 1),
('2014-03-22', 2014, 'Chivas USA', '1 - 3', 'FC Dallas', 'Toyota Stadium', 15564, 1),
('2014-03-22', 2014, 'San Jose Earthquakes', '0 - 1', 'Sporting Kansas City', 'Sporting Kansas City Park', 19368, 1),
('2014-03-23', 2014, 'Chicago Fire', '1 - 1', 'New York Red Bulls', 'Toyota Park', 16228, 1),
('2014-03-23', 2014, 'Montreal Impact', '0 - 2', 'Seattle Sounders', 'Olympic Stadium (Montreal)', 27207, 1),
('2014-03-29', 2014, 'Montreal Impact', '1 - 1', 'Philadelphia Union', 'PPL Park', 15691, 1),
('2014-03-29', 2014, 'Chicago Fire', '2 - 2', 'D.C. United', 'RFK Stadium', 9445, 0),
('2014-03-29', 2014, 'Colorado Rapids', '2 - 3', 'Sporting Kansas City', 'DSG Park', 12203, 1),
('2014-03-29', 2014, 'Houston Dynamo', '1 - 2', 'Vancouver Whitecaps', 'BC Place', 21000, 1),
('2014-03-29', 2014, 'FC Dallas', '2 - 1', 'Portland Timbers', 'Toyota Stadium', 16045, 1),
('2014-03-29', 2014, 'Real Salt Lake', '3 - 0', 'Toronto FC', 'Rio Tinto Stadium', 18881, 1),
('2014-03-29', 2014, 'Columbus Crew', '2 - 1', 'Seattle Sounders', 'CenturyLink Field', 38469, 1),
('2014-03-29', 2014, 'New England Revolution', '2 - 1', 'San Jose Earthquakes', 'Buck Shaw Stadium', 10525, 1),
('2014-03-30', 2014, 'Chivas USA', '1 - 1', 'New York Red Bulls', 'Red Bull Arena', 15225, 1),
('2014-04-05', 2014, 'Portland Timbers', '4 - 4', 'Seattle Sounders', 'Providence Park', 20814, 0),
('2014-04-05', 2014, 'Montreal Impact', '2 - 2', 'New York Red Bulls', 'Olympic Stadium (Montreal)', 24071, 0),
('2014-04-05', 2014, 'Chicago Fire', '2 - 2', 'Philadelphia Union', 'Toyota Park', 12699, 0),
('2014-04-05', 2014, 'Columbus Crew', '0 - 2', 'Toronto FC', 'Crew Stadium', 12045, 0),
('2014-04-05', 2014, 'Colorado Rapids', '2 - 1', 'Vancouver Whitecaps', 'BC Place', 21000, 0),
('2014-04-05', 2014, 'D.C. United', '2 - 0', 'New England Revolution', 'RFK Stadium', 10526, 0),
('2014-04-05', 2014, 'FC Dallas', '4 - 1', 'Houston Dynamo', 'BBVA Compass Stadium', 22202, 0),
('2014-04-05', 2014, 'Real Salt Lake', '0 - 0', 'Sporting Kansas City', 'Sporting Kansas City Park', 19838, 1),
('2014-04-06', 2014, 'Chivas USA', '0 - 3', 'LA Galaxy', 'StubHub Center', 15008, 0),
('2014-04-12', 2014, 'Philadelphia Union', '2 - 2', 'Real Salt Lake', 'PPL Park', 18015, 1),
('2014-04-12', 2014, 'Colorado Rapids', '1 - 0', 'Toronto FC', 'BMO Field', 22591, 1),
('2014-04-12', 2014, 'Chicago Fire', '1 - 1', 'Montreal Impact', 'Olympic Stadium (Montreal)', 19313, 1),
('2014-04-12', 2014, 'Houston Dynamo', '0 - 2', 'New England Revolution', 'Gillette Stadium', 14259, 1),
('2014-04-12', 2014, 'D.C. United', '1 - 0', 'New York Red Bulls', 'RFK Stadium', 12364, 1),
('2014-04-12', 2014, 'FC Dallas', '2 - 3', 'Seattle Sounders', 'Toyota Stadium', 17070, 1),
('2014-04-12', 2014, 'LA Galaxy', '1 - 0', 'Vancouver Whitecaps', 'StubHub Center', 20847, 1),
('2014-04-12', 2014, 'Chivas USA', '1 - 1', 'Portland Timbers', 'Providence Park', 20814, 1),
('2014-04-13', 2014, 'Columbus Crew', '1 - 1', 'San Jose Earthquakes', 'Buck Shaw Stadium', NULL, 0),
('2014-04-16', 2014, 'New York Red Bulls', '2 - 1', 'Philadelphia Union', 'Red Bull Arena', NULL, 0),
('2014-04-19', 2014, 'Chicago Fire', '1 - 1', 'New England Revolution', 'Toyota Park', 15743, 0),
('2014-04-19', 2014, 'Houston Dynamo', '0 - 0', 'Philadelphia Union', 'PPL Park', 17301, 0),
('2014-04-19', 2014, 'Colorado Rapids', '0 - 0', 'San Jose Earthquakes', 'DSG Park', 12306, 0),
('2014-04-19', 2014, 'LA Galaxy', '2 - 2', 'Vancouver Whitecaps', 'BC Place', 21000, 0),
('2014-04-19', 2014, 'Columbus Crew', '1 - 1', 'D.C. United', 'Crew Stadium', 11437, 0),
('2014-04-19', 2014, 'FC Dallas', '2 - 1', 'Toronto FC', 'Toyota Stadium', 17406, 0),
('2014-04-19', 2014, 'Montreal Impact', '0 - 4', 'Sporting Kansas City', 'Sporting Kansas City Park', 20306, 0),
('2014-04-19', 2014, 'Portland Timbers', '0 - 1', 'Real Salt Lake', 'Rio Tinto Stadium', 20496, 0),
('2014-04-19', 2014, 'Chivas USA', '1 - 2', 'Seattle Sounders', 'StubHub Center', 7499, 0),
('2014-04-23', 2014, 'Houston Dynamo', '0 - 4', 'New York Red Bulls', 'Red Bull Arena', 13278, 0),
('2014-04-26', 2014, 'Montreal Impact', '1 - 0', 'Philadelphia Union', 'Saputo Stadium', 19075, 0),
('2014-04-26', 2014, 'Colorado Rapids', '1 - 4', 'Seattle Sounders', 'CenturyLink Field', 38582, 0),
('2014-04-26', 2014, 'D.C. United', '4 - 1', 'FC Dallas', 'RFK Stadium', 11172, 0),
('2014-04-26', 2014, 'New England Revolution', '2 - 0', 'Sporting Kansas City', 'Gillette Stadium', 14806, 0),
('2014-04-26', 2014, 'Columbus Crew', '1 - 1', 'New York Red Bulls', 'Crew Stadium', 18026, 0),
('2014-04-26', 2014, 'Real Salt Lake', '2 - 2', 'Vancouver Whitecaps', 'Rio Tinto Stadium', 19661, 0),
('2014-04-26', 2014, 'Chivas USA', '0 - 1', 'San Jose Earthquakes', 'Buck Shaw Stadium', 10525, 0),
('2014-04-27', 2014, 'Houston Dynamo', '1 - 1', 'Portland Timbers', 'BBVA Compass Stadium', 20558, 0),
('2014-05-03', 2014, 'New England Revolution', '2 - 1', 'Toronto FC', 'BMO Field', 22591, 1),
('2014-05-03', 2014, 'San Jose Earthquakes', '2 - 3', 'Vancouver Whitecaps', 'BC Place', 21000, 1),
('2014-05-03', 2014, 'Chicago Fire', '2 - 3', 'Real Salt Lake', 'Toyota Park', 14903, 1),
('2014-05-03', 2014, 'Colorado Rapids', '1 - 0', 'LA Galaxy', 'DSG Park', 14040, 1),
('2014-05-03', 2014, 'Philadelphia Union', '1 - 2', 'Seattle Sounders', 'CenturyLink Field', 38516, 0),
('2014-05-03', 2014, 'D.C. United', '2 - 3', 'Portland Timbers', 'Providence Park', 20814, 1),
('2014-05-03', 2014, 'Chivas USA', '1 - 4', 'Houston Dynamo', 'StubHub Center', 6082, 1),
('2014-05-04', 2014, 'Columbus Crew', '0 - 2', 'Sporting Kansas City', 'Sporting Kansas City Park', 20565, 1),
('2014-05-04', 2014, 'FC Dallas', '0 - 1', 'New York Red Bulls', 'Toyota Stadium', 17105, 1),
('2014-05-07', 2014, 'Columbus Crew', '0 - 1', 'Houston Dynamo', 'BBVA Compass Stadium', 15030, 1),
('2014-05-07', 2014, 'Colorado Rapids', '0 - 0', 'San Jose Earthquakes', 'Buck Shaw Stadium', 9388, 1),
('2014-05-07', 2014, 'FC Dallas', '1 - 2', 'Seattle Sounders', 'CenturyLink Field', 38489, 1),
('2014-05-10', 2014, 'Chicago Fire', '5 - 4', 'New York Red Bulls', 'Red Bull Arena', 23776, 1),
('2014-05-10', 2014, 'FC Dallas', '1 - 2', 'San Jose Earthquakes', 'Buck Shaw Stadium', 10525, 1),
('2014-05-10', 2014, 'Columbus Crew', '0 - 1', 'Vancouver Whitecaps', 'Crew Stadium', 14495, 1),
('2014-05-10', 2014, 'Montreal Impact', '0 - 3', 'Sporting Kansas City', 'Saputo Stadium', 16529, 1),
('2014-05-10', 2014, 'D.C. United', '1 - 0', 'Philadelphia Union', 'PPL Park', 18522, 1),
('2014-05-11', 2014, 'LA Galaxy', '1 - 1', 'Portland Timbers', 'Providence Park', 20814, 1),
('2014-05-11', 2014, 'Chivas USA', '3 - 1', 'Colorado Rapids', 'DSG Park', 10086, 1),
('2014-05-11', 2014, 'New England Revolution', '5 - 0', 'Seattle Sounders', 'Gillette Stadium', 11293, 1),
('2014-05-11', 2014, 'Houston Dynamo', '2 - 5', 'Real Salt Lake', 'BBVA Compass Stadium', 16514, 1),
('2014-05-14', 2014, 'Philadelphia Union', '2 - 1', 'Sporting Kansas City', 'Sporting Kansas City Park', 19073, 1),
('2014-05-17', 2014, 'Chivas USA', '1 - 1', 'FC Dallas', 'Toyota Stadium', 15039, 1),
('2014-05-17', 2014, 'New York Red Bulls', '0 - 2', 'Toronto FC', 'BMO Field', 22591, 1),
('2014-05-17', 2014, 'D.C. United', '1 - 1', 'Montreal Impact', 'RFK Stadium', 14106, 1),
('2014-05-17', 2014, 'New England Revolution', '5 - 3', 'Philadelphia Union', 'PPL Park', 18812, 1),
('2014-05-17', 2014, 'Houston Dynamo', '1 - 0', 'LA Galaxy', 'BBVA Compass Stadium', 22233, 1),
('2014-05-17', 2014, 'Colorado Rapids', '1 - 2', 'Real Salt Lake', 'Rio Tinto Stadium', 20489, 1),
('2014-05-17', 2014, 'San Jose Earthquakes', '0 - 1', 'Seattle Sounders', 'CenturyLink Field', 49746, 0),
('2014-05-17', 2014, 'Columbus Crew', '3 - 3', 'Portland Timbers', 'Providence Park', 20814, 1),
('2014-05-18', 2014, 'Chicago Fire', '2 - 1', 'Sporting Kansas City', 'Toyota Park', 15746, 1),
('2014-05-21', 2014, 'D.C. United', '2 - 0', 'Houston Dynamo', 'RFK Stadium', 8224, 1),
('2014-05-21', 2014, 'FC Dallas', '1 - 2', 'LA Galaxy', 'StubHub Center', 14615, 1),
('2014-05-23', 2014, 'Sporting Kansas City', '2 - 2', 'Toronto FC', 'Sporting Kansas City Park', 19914, 1),
('2014-05-24', 2014, 'New York Red Bulls', '1 - 2', 'Portland Timbers', 'Red Bull Arena', 19513, 1),
('2014-05-24', 2014, 'Seattle Sounders', '2 - 2', 'Vancouver Whitecaps', 'BC Place', 21000, 1),
('2014-05-24', 2014, 'Chicago Fire', '0 - 2', 'Columbus Crew', 'Crew Stadium', 15290, 1),
('2014-05-24', 2014, 'D.C. United', '1 - 2', 'New England Revolution', 'Gillette Stadium', 13589, 1),
('2014-05-24', 2014, 'Colorado Rapids', '4 - 1', 'Montreal Impact', 'DSG Park', 17616, 1),
('2014-05-24', 2014, 'FC Dallas', '0 - 0', 'Real Salt Lake', 'Rio Tinto Stadium', 20488, 1),
('2014-05-25', 2014, 'LA Galaxy', '4 - 1', 'Philadelphia Union', 'StubHub Center', 21010, 1),
('2014-05-25', 2014, 'Houston Dynamo', '0 - 3', 'San Jose Earthquakes', 'Buck Shaw Stadium', 10525, 1),
('2014-05-27', 2014, 'New York Red Bulls', '1 - 1', 'Sporting Kansas City', 'Sporting Kansas City Park', 19221, 1),
('2014-05-28', 2014, 'Chivas USA', '0 - 2', 'Portland Timbers', 'StubHub Center', 3702, 1),
('2014-05-31', 2014, 'Chivas USA', '0 - 3', 'Philadelphia Union', 'StubHub Center', 5231, 1),
('2014-05-31', 2014, 'Real Salt Lake', '0 - 4', 'Seattle Sounders', 'CenturyLink Field', 39245, 1),
('2014-05-31', 2014, 'Columbus Crew', '2 - 3', 'Toronto FC', 'BMO Field', 22591, 1),
('2014-05-31', 2014, 'D.C. United', '1 - 0', 'Sporting Kansas City', 'RFK Stadium', 18522, 1),
('2014-05-31', 2014, 'Montreal Impact', '2 - 0', 'New England Revolution', 'Saputo Stadium', 18068, 1),
('2014-05-31', 2014, 'FC Dallas', '1 - 2', 'San Jose Earthquakes', 'Toyota Stadium', 15682, 1),
('2014-06-01', 2014, 'Colorado Rapids', '3 - 0', 'Houston Dynamo', 'DSG Park', 17470, 1),
('2014-06-01', 2014, 'Chicago Fire', '1 - 1', 'LA Galaxy', 'Toyota Park', 17487, 1),
('2014-06-01', 2014, 'Portland Timbers', '3 - 4', 'Vancouver Whitecaps', 'Providence Park', 20814, 1),
('2014-06-04', 2014, 'Columbus Crew', '1 - 1', 'Real Salt Lake', 'Crew Stadium', 11121, 1),
('2014-06-04', 2014, 'Chicago Fire', '0 - 0', 'Colorado Rapids', 'DSG Park', 13402, 1),
('2014-06-06', 2014, 'Houston Dynamo', '0 - 2', 'Sporting Kansas City', 'BBVA Compass Stadium', 18396, 1),
('2014-06-07', 2014, 'San Jose Earthquakes', '0 - 1', 'Toronto FC', 'BMO Field', 22591, 0),
('2014-06-07', 2014, 'Philadelphia Union', '3 - 3', 'Vancouver Whitecaps', 'PPL Park', NULL, 1),
('2014-06-07', 2014, 'Columbus Crew', '0 - 0', 'D.C. United', 'FedEx Field', 53267, 1),
('2014-06-07', 2014, 'Chicago Fire', '2 - 3', 'Seattle Sounders', 'Toyota Park', 16416, 1),
('2014-06-07', 2014, 'Colorado Rapids', '2 - 3', 'FC Dallas', 'Toyota Stadium', 16209, 1),
('2014-06-07', 2014, 'Portland Timbers', '3 - 1', 'Real Salt Lake', 'Rio Tinto Stadium', 20481, 1),
('2014-06-08', 2014, 'New England Revolution', '0 - 2', 'New York Red Bulls', 'Gillette Stadium', 23950, 1),
('2014-06-08', 2014, 'Chivas USA', '1 - 1', 'LA Galaxy', 'StubHub Center', 19756, 1),
('2014-06-11', 2014, 'D.C. United', '4 - 2', 'Montreal Impact', 'Saputo Stadium', 14135, 1),
('2014-06-11', 2014, 'FC Dallas', '2 - 2', 'Portland Timbers', 'Providence Park', NULL, 1),
('2014-06-25', 2014, 'Montreal Impact', '0 - 0', 'Vancouver Whitecaps', 'BC Place', 21000, 1),
('2014-06-27', 2014, 'New York Red Bulls', '2 - 2', 'Toronto FC', 'Red Bull Arena', 20176, 1),
('2014-06-27', 2014, 'Portland Timbers', '0 - 1', 'Sporting Kansas City', 'Providence Park', 20814, 1),
('2014-06-28', 2014, 'Chivas USA', '1 - 0', 'Real Salt Lake', 'StubHub Center', 5689, 1),
('2014-06-28', 2014, 'D.C. United', '0 - 1', 'Seattle Sounders', 'RFK Stadium', 16922, 1),
('2014-06-28', 2014, 'New England Revolution', '1 - 3', 'Philadelphia Union', 'Gillette Stadium', 16483, 1),
('2014-06-28', 2014, 'Columbus Crew', 'np', 'FC Dallas', 'Crew Stadium', NULL, 0),
('2014-06-28', 2014, 'Colorado Rapids', '2 - 0', 'Vancouver Whitecaps', 'DSG Park', 14798, 1),
('2014-06-28', 2014, 'LA Galaxy', '1 - 0', 'San Jose Earthquakes', 'Stanford Stadium', 50006, 1),
('2014-06-29', 2014, 'Columbus Crew', '0 - 0', 'FC Dallas', 'Crew Stadium', 20617, 1),
('2014-06-29', 2014, 'Houston Dynamo', '0 - 3', 'Montreal Impact', 'Saputo Stadium', 16752, 1),
('2014-07-02', 2014, 'Chicago Fire', '1 - 1', 'Toronto FC', 'Toyota Park', 13153, 1),
('2014-07-02', 2014, 'Chivas USA', '1 - 0', 'San Jose Earthquakes', 'Buck Shaw Stadium', 9114, 1),
('2014-07-04', 2014, 'New England Revolution', '1 - 2', 'Real Salt Lake', 'Rio Tinto Stadium', 20513, 1),
('2014-07-04', 2014, 'Houston Dynamo', '2 - 2', 'New York Red Bulls', 'BBVA Compass Stadium', 22312, 1),
('2014-07-04', 2014, 'FC Dallas', '2 - 1', 'Philadelphia Union', 'Toyota Stadium', 21182, 1),
('2014-07-04', 2014, 'Colorado Rapids', '1 - 1', 'Columbus Crew', 'DSG Park', 18432, 1),
('2014-07-04', 2014, 'LA Galaxy', '2 - 2', 'Portland Timbers', 'StubHub Center', 27000, 1),
('2014-07-05', 2014, 'Seattle Sounders', '0 - 1', 'Vancouver Whitecaps', 'BC Place', 22500, 1),
('2014-07-05', 2014, 'D.C. United', '2 - 1', 'Toronto FC', 'BMO Field', 22591, 1),
('2014-07-05', 2014, 'Chivas USA', '1 - 0', 'Montreal Impact', 'StubHub Center', 4201, 1),
('2014-07-06', 2014, 'Chicago Fire', '1 - 1', 'Sporting Kansas City', 'Sporting Kansas City Park', 20858, 1),
('2014-07-11', 2014, 'D.C. United', '2 - 1', 'San Jose Earthquakes', 'Buck Shaw Stadium', 10525, 3),
('2014-07-12', 2014, 'Columbus Crew', '1 - 4', 'New York Red Bulls', 'Red Bull Arena', 17028, 0),
('2014-07-12', 2014, 'Houston Dynamo', '2 - 4', 'Toronto FC', 'BMO Field', 22591, 1),
('2014-07-12', 2014, 'Colorado Rapids', '3 - 3', 'Philadelphia Union', 'PPL Park', 18679, 1),
('2014-07-12', 2014, 'Chicago Fire', '1 - 0', 'New England Revolution', 'Gillette Stadium', 15406, 1),
('2014-07-12', 2014, 'Montreal Impact', '1 - 2', 'Sporting Kansas City', 'Saputo Stadium', 17155, 1),
('2014-07-12', 2014, 'Chivas USA', '3 - 1', 'Vancouver Whitecaps', 'BC Place', 19383, 1),
('2014-07-12', 2014, 'LA Galaxy', '1 - 0', 'Real Salt Lake', 'StubHub Center', 19882, 1),
('2014-07-13', 2014, 'Portland Timbers', '0 - 2', 'Seattle Sounders', 'CenturyLink Field', 64207, 1),
('2014-07-16', 2014, 'New York Red Bulls', '1 - 3', 'Philadelphia Union', 'PPL Park', 18541, 1),
('2014-07-16', 2014, 'Columbus Crew', '1 - 2', 'Sporting Kansas City', 'Crew Stadium', 13643, 1),
('2014-07-16', 2014, 'Toronto FC', '1 - 1', 'Vancouver Whitecaps', 'BMO Field', 22591, 1),
('2014-07-16', 2014, 'LA Galaxy', '5 - 1', 'New England Revolution', 'StubHub Center', 17741, 1),
('2014-07-18', 2014, 'Colorado Rapids', '1 - 2', 'Portland Timbers', 'Providence Park', 20814, 0),
('2014-07-19', 2014, 'FC Dallas', '2 - 0', 'New England Revolution', 'Toyota Stadium', 15551, 0),
('2014-07-19', 2014, 'Real Salt Lake', '1 - 1', 'Vancouver Whitecaps', 'Rio Tinto Stadium', 20265, 0),
('2014-07-19', 2014, 'LA Galaxy', '1 - 2', 'Sporting Kansas City', 'Sporting Kansas City Park', 21493, 0),
('2014-07-19', 2014, 'New York Red Bulls', '1 - 1', 'San Jose Earthquakes', 'Red Bull Arena', 20001, 0),
('2014-07-19', 2014, 'Columbus Crew', '2 - 1', 'Montreal Impact', 'Crew Stadium', 21112, 0),
('2014-07-19', 2014, 'Chicago Fire', '1 - 1', 'Philadelphia Union', 'Toyota Park', 17460, 0),
('2014-07-19', 2014, 'Houston Dynamo', '2 - 2', 'Toronto FC', 'BBVA Compass Stadium', 20069, 0),
('2014-07-20', 2014, 'Chivas USA', '1 - 3', 'D.C. United', 'RFK Stadium', 13732, 0),
('2014-07-23', 2014, 'Chicago Fire', 'v', 'San Jose Earthquakes', 'Buck Shaw Stadium', NULL, 0),
('2014-07-24', 2014, 'Montreal Impact', 'v', 'Real Salt Lake', 'Rio Tinto Stadium', NULL, 0),
('2014-07-26', 2014, 'Chivas USA', 'v', 'Colorado Rapids', 'DSG Park', NULL, 0),
('2014-07-26', 2014, 'Sporting Kansas City', 'v', 'Toronto FC', 'BMO Field', NULL, 0),
('2014-07-26', 2014, 'Columbus Crew', 'v', 'New England Revolution', 'Gillette Stadium', NULL, 0),
('2014-07-26', 2014, 'LA Galaxy', 'v', 'Seattle Sounders', 'CenturyLink Field', NULL, 0),
('2014-07-27', 2014, 'FC Dallas', 'v', 'Vancouver Whitecaps', 'BC Place', NULL, 0),
('2014-07-27', 2014, 'Montreal Impact', 'v', 'Portland Timbers', 'Saputo Stadium', NULL, 0),
('2014-07-30', 2014, 'New York Red Bulls', 'v', 'Real Salt Lake', 'Rio Tinto Stadium', NULL, 0),
('2014-07-30', 2014, 'D.C. United', 'v', 'Toronto FC', 'RFK Stadium', NULL, 0),
('2014-07-30', 2014, 'Colorado Rapids', 'v', 'New England Revolution', 'Gillette Stadium', NULL, 0),
('2014-07-30', 2014, 'Chicago Fire', 'v', 'Vancouver Whitecaps', 'Toyota Park', NULL, 0),
('2014-08-01', 2014, 'Philadelphia Union', 'v', 'Sporting Kansas City', 'Sporting Kansas City Park', NULL, 0),
('2014-08-02', 2014, 'Colorado Rapids', 'v', 'Real Salt Lake', 'DSG Park', NULL, 0),
('2014-08-02', 2014, 'LA Galaxy', 'v', 'Portland Timbers', 'StubHub Center', NULL, 0),
('2014-08-02', 2014, 'New England Revolution', 'v', 'New York Red Bulls', 'Red Bull Arena', NULL, 0),
('2014-08-02', 2014, 'Chicago Fire', 'v', 'Columbus Crew', 'Toyota Park', NULL, 0),
('2014-08-02', 2014, 'San Jose Earthquakes', 'v', 'Seattle Sounders', 'Levis Stadium', NULL, 0),
('2014-08-03', 2014, 'Chivas USA', 'v', 'FC Dallas', 'StubHub Center', NULL, 0),
('2014-08-03', 2014, 'Montreal Impact', 'v', 'Toronto FC', 'Saputo Stadium', NULL, 0),
('2014-08-03', 2014, 'D.C. United', 'v', 'Houston Dynamo', 'BBVA Compass Stadium', NULL, 0);

INSERT INTO games (date, year, team, score, opposing_team, stadium, attendance, yellowcards) VALUES
('2014-08-08', 2014, 'LA Galaxy', 'v', 'San Jose Earthquakes', 'StubHub Center', NULL, 0),
('2014-08-09', 2014, 'Colorado Rapids', 'v', 'FC Dallas', 'Toyota Stadium', NULL, 0),
('2014-08-09', 2014, 'Montreal Impact', 'v', 'Philadelphia Union', 'PPL Park', NULL, 0),
('2014-08-09', 2014, 'Columbus Crew', 'v', 'Toronto FC', 'Crew Stadium', NULL, 0),
('2014-08-09', 2014, 'D.C. United', 'v', 'Real Salt Lake', 'Rio Tinto Stadium', NULL, 0),
('2014-08-09', 2014, 'Chivas USA', 'v', 'Portland Timbers', 'Providence Park', NULL, 0),
('2014-08-10', 2014, 'Sporting Kansas City', 'v', 'Vancouver Whitecaps', 'BC Place', NULL, 0),
('2014-08-10', 2014, 'Chicago Fire', 'v', 'New York Red Bulls', 'Toyota Park', NULL, 0),
('2014-08-10', 2014, 'Houston Dynamo', 'v', 'Seattle Sounders', 'CenturyLink Field', NULL, 0),
('2014-08-15', 2014, 'Houston Dynamo', 'v', 'Philadelphia Union', 'BBVA Compass Stadium', NULL, 0),
('2014-08-16', 2014, 'New England Revolution', 'v', 'Portland Timbers', 'Gillette Stadium', NULL, 0),
('2014-08-16', 2014, 'Real Salt Lake', 'v', 'Seattle Sounders', 'Rio Tinto Stadium', NULL, 0),
('2014-08-16', 2014, 'Chicago Fire', 'v', 'Montreal Impact', 'Saputo Stadium', NULL, 0),
('2014-08-16', 2014, 'Columbus Crew', 'v', 'LA Galaxy', 'Crew Stadium', NULL, 0),
('2014-08-16', 2014, 'Sporting Kansas City', 'v', 'Toronto FC', 'Sporting Kansas City Park', NULL, 0),
('2014-08-16', 2014, 'Chivas USA', 'v', 'Vancouver Whitecaps', 'StubHub Center', NULL, 0),
('2014-08-16', 2014, 'FC Dallas', 'v', 'San Jose Earthquakes', 'Buck Shaw Stadium', NULL, 0),
('2014-08-17', 2014, 'Colorado Rapids', 'v', 'D.C. United', 'RFK Stadium', NULL, 0),
('2014-08-20', 2014, 'Colorado Rapids', 'v', 'LA Galaxy', 'DSG Park', NULL, 0),
('2014-08-20', 2014, 'San Jose Earthquakes', 'v', 'Seattle Sounders', 'CenturyLink Field', NULL, 0),
('2014-08-22', 2014, 'FC Dallas', 'v', 'Real Salt Lake', 'Toyota Stadium', NULL, 0),
('2014-08-23', 2014, 'Montreal Impact', 'v', 'New York Red Bulls', 'Red Bull Arena', NULL, 0),
('2014-08-23', 2014, 'Chicago Fire', 'v', 'Toronto FC', 'BMO Field', NULL, 0),
('2014-08-23', 2014, 'Chivas USA', 'v', 'New England Revolution', 'Gillette Stadium', NULL, 0),
('2014-08-23', 2014, 'Columbus Crew', 'v', 'Houston Dynamo', 'Crew Stadium', NULL, 0),
('2014-08-23', 2014, 'D.C. United', 'v', 'Sporting Kansas City', 'Sporting Kansas City Park', NULL, 0),
('2014-08-23', 2014, 'LA Galaxy', 'v', 'Vancouver Whitecaps', 'StubHub Center', NULL, 0),
('2014-08-24', 2014, 'Portland Timbers', 'v', 'Seattle Sounders', 'Providence Park', NULL, 0),
('2014-08-24', 2014, 'Philadelphia Union', 'v', 'San Jose Earthquakes', 'PPL Park', NULL, 0),
('2014-08-27', 2014, 'D.C. United', 'v', 'LA Galaxy', 'StubHub Center', NULL, 0),
('2014-08-29', 2014, 'Houston Dynamo', 'v', 'Sporting Kansas City', 'Sporting Kansas City Park', NULL, 0),
('2014-08-30', 2014, 'Colorado Rapids', 'v', 'Seattle Sounders', 'CenturyLink Field', NULL, 0),
('2014-08-30', 2014, 'New England Revolution', 'v', 'Toronto FC', 'BMO Field', NULL, 0),
('2014-08-30', 2014, 'Columbus Crew', 'v', 'Montreal Impact', 'Saputo Stadium', NULL, 0),
('2014-08-30', 2014, 'Chicago Fire', 'v', 'FC Dallas', 'Toyota Park', NULL, 0),
('2014-08-30', 2014, 'Portland Timbers', 'v', 'Vancouver Whitecaps', 'BC Place', NULL, 0),
('2014-08-30', 2014, 'Real Salt Lake', 'v', 'San Jose Earthquakes', 'Buck Shaw Stadium', NULL, 0),
('2014-08-31', 2014, 'D.C. United', 'v', 'New York Red Bulls', 'RFK Stadium', NULL, 0),
('2014-08-31', 2014, 'Chivas USA', 'v', 'LA Galaxy', 'StubHub Center', NULL, 0);

INSERT INTO games (date, year, team, score, opposing_team, stadium, attendance, yellowcards) VALUES
('2014-09-03', 2014, 'Chivas USA', 'v', 'Seattle Sounders', 'StubHub Center', NULL, 0),
('2014-09-03', 2014, 'Philadelphia Union', 'v', 'Toronto FC', 'PPL Park', NULL, 0),
('2014-09-03', 2014, 'New England Revolution', 'v', 'Sporting Kansas City', 'Gillette Stadium', NULL, 0),
('2014-09-05', 2014, 'Colorado Rapids', 'v', 'LA Galaxy', 'StubHub Center', NULL, 0),
('2014-09-06', 2014, 'Philadelphia Union', 'v', 'Toronto FC', 'BMO Field', NULL, 0),
('2014-09-06', 2014, 'New York Red Bulls', 'v', 'Sporting Kansas City', 'Red Bull Arena', NULL, 0),
('2014-09-06', 2014, 'Houston Dynamo', 'v', 'Montreal Impact', 'BBVA Compass Stadium', NULL, 0),
('2014-09-06', 2014, 'FC Dallas', 'v', 'Real Salt Lake', 'Rio Tinto Stadium', NULL, 0),
('2014-09-06', 2014, 'D.C. United', 'v', 'Vancouver Whitecaps', 'BC Place', NULL, 0),
('2014-09-07', 2014, 'Portland Timbers', 'v', 'San Jose Earthquakes', 'Providence Park', NULL, 0),
('2014-09-07', 2014, 'Chivas USA', 'v', 'Columbus Crew', 'Crew Stadium', NULL, 0),
('2014-09-07', 2014, 'Chicago Fire', 'v', 'New England Revolution', 'Gillette Stadium', NULL, 0),
('2014-09-10', 2014, 'LA Galaxy', 'v', 'Montreal Impact', 'Saputo Stadium', NULL, 0),
('2014-09-10', 2014, 'D.C. United', 'v', 'New York Red Bulls', 'Red Bull Arena', NULL, 0),
('2014-09-10', 2014, 'San Jose Earthquakes', 'v', 'Vancouver Whitecaps', 'BC Place', NULL, 0),
('2014-09-12', 2014, 'Real Salt Lake', 'v', 'Seattle Sounders', 'CenturyLink Field', NULL, 0),
('2014-09-13', 2014, 'New York Red Bulls', 'v', 'Philadelphia Union', 'PPL Park', NULL, 0),
('2014-09-13', 2014, 'Montreal Impact', 'v', 'New England Revolution', 'Gillette Stadium', NULL, 0),
('2014-09-13', 2014, 'Columbus Crew', 'v', 'Houston Dynamo', 'BBVA Compass Stadium', NULL, 0),
('2014-09-13', 2014, 'FC Dallas', 'v', 'Vancouver Whitecaps', 'Toyota Stadium', NULL, 0),
('2014-09-13', 2014, 'Chicago Fire', 'v', 'Toronto FC', 'Toyota Park', NULL, 0),
('2014-09-13', 2014, 'Colorado Rapids', 'v', 'Portland Timbers', 'DSG Park', NULL, 0),
('2014-09-13', 2014, 'Chivas USA', 'v', 'Sporting Kansas City', 'StubHub Center', NULL, 0),
('2014-09-14', 2014, 'LA Galaxy', 'v', 'San Jose Earthquakes', 'Buck Shaw Stadium', NULL, 0),
('2014-09-19', 2014, 'Colorado Rapids', 'v', 'Real Salt Lake', 'Rio Tinto Stadium', NULL, 0),
('2014-09-20', 2014, 'New York Red Bulls', 'v', 'Seattle Sounders', 'Red Bull Arena', NULL, 0),
('2014-09-20', 2014, 'Portland Timbers', 'v', 'Vancouver Whitecaps', 'Providence Park', NULL, 0),
('2014-09-20', 2014, 'Houston Dynamo', 'v', 'Philadelphia Union', 'PPL Park', NULL, 0),
('2014-09-20', 2014, 'Montreal Impact', 'v', 'San Jose Earthquakes', 'Saputo Stadium', NULL, 0),
('2014-09-20', 2014, 'Columbus Crew', 'v', 'New England Revolution', 'Crew Stadium', NULL, 0),
('2014-09-20', 2014, 'Chicago Fire', 'v', 'D.C. United', 'Toyota Park', NULL, 0),
('2014-09-20', 2014, 'FC Dallas', 'v', 'LA Galaxy', 'StubHub Center', NULL, 0),
('2014-09-21', 2014, 'Chivas USA', 'v', 'Toronto FC', 'BMO Field', NULL, 0),
('2014-09-24', 2014, 'FC Dallas', 'v', 'Seattle Sounders', 'Toyota Stadium', NULL, 0),
('2014-09-26', 2014, 'New England Revolution', 'v', 'Sporting Kansas City', 'Sporting Kansas City Park', NULL, 0),
('2014-09-27', 2014, 'Portland Timbers', 'v', 'Toronto FC', 'BMO Field', NULL, 0),
('2014-09-27', 2014, 'D.C. United', 'v', 'Philadelphia Union', 'RFK Stadium', NULL, 0),
('2014-09-27', 2014, 'Chivas USA', 'v', 'Seattle Sounders', 'CenturyLink Field', NULL, 0),
('2014-09-27', 2014, 'Real Salt Lake', 'v', 'Vancouver Whitecaps', 'BC Place', NULL, 0),
('2014-09-27', 2014, 'Columbus Crew', 'v', 'Montreal Impact', 'Crew Stadium', NULL, 0),
('2014-09-27', 2014, 'Colorado Rapids', 'v', 'San Jose Earthquakes', 'DSG Park', NULL, 0),
('2014-09-28', 2014, 'Chicago Fire', 'v', 'Houston Dynamo', 'BBVA Compass Stadium', NULL, 0),
('2014-09-28', 2014, 'LA Galaxy', 'v', 'New York Red Bulls', 'StubHub Center', NULL, 0);


INSERT INTO games (date, year, team, score, opposing_team, stadium, attendance, yellowcards) VALUES
('2014-10-02', 2014, 'Chicago Fire', 'v', 'Philadelphia Union', 'PPL Park', NULL, 0),
('2014-10-03', 2014, 'D.C. United', 'v', 'Sporting Kansas City', 'RFK Stadium', NULL, 0),
('2014-10-04', 2014, 'FC Dallas', 'v', 'Vancouver Whitecaps', 'BC Place', NULL, 0),
('2014-10-04', 2014, 'Houston Dynamo', 'v', 'New York Red Bulls', 'Red Bull Arena', NULL, 0),
('2014-10-04', 2014, 'Columbus Crew', 'v', 'New England Revolution', 'Gillette Stadium', NULL, 0),
('2014-10-04', 2014, 'LA Galaxy', 'v', 'Toronto FC', 'StubHub Center', NULL, 0),
('2014-10-04', 2014, 'Portland Timbers', 'v', 'San Jose Earthquakes', 'Buck Shaw Stadium', NULL, 0),
('2014-10-05', 2014, 'Colorado Rapids', 'v', 'Seattle Sounders', 'DSG Park', NULL, 0),
('2014-10-05', 2014, 'Chicago Fire', 'v', 'Montreal Impact', 'Toyota Park', NULL, 0),
('2014-10-05', 2014, 'Chivas USA', 'v', 'Real Salt Lake', 'StubHub Center', NULL, 0),
('2014-10-08', 2014, 'Houston Dynamo', 'v', 'Toronto FC', 'BMO Field', NULL, 0),
('2014-10-08', 2014, 'Portland Timbers', 'v', 'San Jose Earthquakes', 'Providence Park', NULL, 0),
('2014-10-10', 2014, 'Chicago Fire', 'v', 'Sporting Kansas City', 'Sporting Kansas City Park', NULL, 0),
('2014-10-10', 2014, 'Seattle Sounders', 'v', 'Vancouver Whitecaps', 'CenturyLink Field', NULL, 0),
('2014-10-11', 2014, 'Montreal Impact', 'v', 'New England Revolution', 'Saputo Stadium', NULL, 0),
('2014-10-11', 2014, 'Columbus Crew', 'v', 'Philadelphia Union', 'PPL Park', NULL, 0),
('2014-10-11', 2014, 'New York Red Bulls', 'v', 'Toronto FC', 'Red Bull Arena', NULL, 0),
('2014-10-11', 2014, 'Real Salt Lake', 'v', 'San Jose Earthquakes', 'Rio Tinto Stadium', NULL, 0),
('2014-10-11', 2014, 'Chivas USA', 'v', 'Colorado Rapids', 'StubHub Center', NULL, 0),
('2014-10-12', 2014, 'D.C. United', 'v', 'Houston Dynamo', 'BBVA Compass Stadium', NULL, 0),
('2014-10-12', 2014, 'FC Dallas', 'v', 'LA Galaxy', 'Toyota Stadium', NULL, 0),
('2014-10-16', 2014, 'Houston Dynamo', 'v', 'New England Revolution', 'BBVA Compass Stadium', NULL, 0),
('2014-10-17', 2014, 'Portland Timbers', 'v', 'Real Salt Lake', 'Providence Park', NULL, 0),
('2014-10-18', 2014, 'Montreal Impact', 'v', 'Toronto FC', 'BMO Field', NULL, 0),
('2014-10-18', 2014, 'Colorado Rapids', 'v', 'FC Dallas', 'DSG Park', NULL, 0),
('2014-10-18', 2014, 'Philadelphia Union', 'v', 'Sporting Kansas City', 'PPL Park', NULL, 0),
('2014-10-18', 2014, 'Chicago Fire', 'v', 'D.C. United', 'RFK Stadium', NULL, 0),
('2014-10-18', 2014, 'San Jose Earthquakes', 'v', 'Vancouver Whitecaps', 'Buck Shaw Stadium', NULL, 0),
('2014-10-19', 2014, 'Columbus Crew', 'v', 'New York Red Bulls', 'Red Bull Arena', NULL, 0),
('2014-10-19', 2014, 'LA Galaxy', 'v', 'Seattle Sounders', 'StubHub Center', NULL, 0),
('2014-10-22', 2014, 'Chivas USA', 'v', 'Real Salt Lake', 'Rio Tinto Stadium', NULL, 0),
('2014-10-24', 2014, 'Chicago Fire', 'v', 'Houston Dynamo', 'Toyota Park', NULL, 0),
('2014-10-25', 2014, 'Colorado Rapids', 'v', 'Vancouver Whitecaps', 'BC Place', NULL, 0),
('2014-10-25', 2014, 'FC Dallas', 'v', 'Portland Timbers', 'Toyota Stadium', NULL, 0),
('2014-10-25', 2014, 'LA Galaxy', 'v', 'Seattle Sounders', 'CenturyLink Field', NULL, 0),
('2014-10-25', 2014, 'D.C. United', 'v', 'Montreal Impact', 'Saputo Stadium', NULL, 0),
('2014-10-25', 2014, 'New England Revolution', 'v', 'Toronto FC', 'Gillette Stadium', NULL, 0),
('2014-10-26', 2014, 'Columbus Crew', 'v', 'Philadelphia Union', 'Crew Stadium', NULL, 0),
('2014-10-26', 2014, 'New York Red Bulls', 'v', 'Sporting Kansas City', 'Sporting Kansas City Park', NULL, 0),
('2014-10-26', 2014, 'Chivas USA', 'v', 'San Jose Earthquakes', 'StubHub Center', NULL, 0);

TRUNCATE TABLE games;

UPDATE games
SET score = NULL
WHERE score = 'v';

